Model,RMSE,MAE,R²
Linear Regression,809224.2176,472007.5283,0.144008164
Random Forest,823913.2859,481738.2184,0.112650126
Gradient Boosted Trees,812141.6007,473833.5163,0.137825062
