feature,correlation
sqft,0.3045308818126299
distance_to_center,-0.08802406478789968
neighborhood_score,0.056366439211507635
walkability_score,0.03602200526368675
crime_score,0.03200967472381813
school_rating,0.029348424594734804
age,-0.023493450144909802
garage_spaces,0.0052817398320864324
lot_size,-0.004767193144711105
bathrooms,0.002677006618885417
bedrooms,0.002613403222086329
